{"properties":{"connectionReferences":{"shared_approvals":{"runtimeSource":"embedded","connection":{"connectionReferenceLogicalName":"ya_sharedapprovals_b0ae9"},"api":{"name":"shared_approvals"}},"shared_commondataserviceforapps":{"runtimeSource":"embedded","connection":{"connectionReferenceLogicalName":"ya_sharedcommondataserviceforapps_be81b"},"api":{"name":"shared_commondataserviceforapps"}},"shared_office365":{"runtimeSource":"embedded","connection":{"connectionReferenceLogicalName":"ya_sharedoffice365_124a1"},"api":{"name":"shared_office365"}}},"definition":{"$schema":"https://schema.management.azure.com/providers/Microsoft.Logic/schemas/2016-06-01/workflowdefinition.json#","contentVersion":"1.0.0.0","parameters":{"$connections":{"defaultValue":{},"type":"Object"},"$authentication":{"defaultValue":{},"type":"SecureObject"}},"triggers":{"行が追加、変更、または削除された場合":{"type":"OpenApiConnectionWebhook","inputs":{"host":{"connectionName":"shared_commondataserviceforapps","operationId":"SubscribeWebhookTrigger","apiId":"/providers/Microsoft.PowerApps/apis/shared_commondataserviceforapps"},"parameters":{"subscriptionRequest/message":4,"subscriptionRequest/entityname":"ya_document","subscriptionRequest/scope":4,"subscriptionRequest/filterexpression":"ya_isdraft eq false"},"authentication":"@parameters('$authentication')"}}},"actions":{"変数DocumrntTypeを初期化する":{"runAfter":{"スコープRejected":["Succeeded"]},"type":"InitializeVariable","inputs":{"variables":[{"name":"DocumentType","type":"string","value":"@triggerOutputs()?['body/_ya_documenttype_value']"}]}},"変数Usersを初期化する":{"runAfter":{"変数DocumrntTypeを初期化する_Apply_to_each":["Succeeded"]},"type":"InitializeVariable","inputs":{"variables":[{"name":"Users","type":"array","value":"@split(triggerOutputs()?['body/ya_route'], ';')"}]}},"条件":{"actions":{"Apply_to_each_User":{"foreach":"@variables('Users')","actions":{"開始して承認を待機":{"runAfter":{},"type":"OpenApiConnectionWebhook","inputs":{"host":{"connectionName":"shared_approvals","operationId":"StartAndWaitForAnApproval","apiId":"/providers/Microsoft.PowerApps/apis/shared_approvals"},"parameters":{"approvalType":"BasicAwaitAll","WebhookApprovalCreationInput/title":"承認申請: @{triggerOutputs()?['body/ya_name']}","WebhookApprovalCreationInput/assignedTo":"@{items('Apply_to_each_User')};","WebhookApprovalCreationInput/details":"@{triggerOutputs()?['body/ya_name']}\n@{triggerOutputs()?['body/ya_note']}\n@{triggerOutputs()?['body/ya_route']}\n@{triggerOutputs()?['body/ya_publish']}\n@{triggerOutputs()?['body/ya_deadline']}\n\n[アプリを開く](https://apps.powerapps.com/play/@{variables('CirculationAppId')}?id=@{triggerOutputs()?['body/ya_id']})","WebhookApprovalCreationInput/enableNotifications":true,"WebhookApprovalCreationInput/enableReassignment":true},"authentication":"@parameters('$authentication')"}},"条件_2":{"actions":{"行を一覧にする":{"runAfter":{},"type":"OpenApiConnection","inputs":{"host":{"connectionName":"shared_commondataserviceforapps","operationId":"ListRecords","apiId":"/providers/Microsoft.PowerApps/apis/shared_commondataserviceforapps"},"parameters":{"entityName":"ya_documentstatuses","$filter":"_ya_document_value eq '@{triggerOutputs()?['body/ya_documentid']}' and ya_userprincipalname eq '@{items('Apply_to_each_User')}'","$top":1},"authentication":"@parameters('$authentication')"}},"Apply_to_each":{"foreach":"@outputs('行を一覧にする')?['body/value']","actions":{"行を更新する":{"runAfter":{},"type":"OpenApiConnection","inputs":{"host":{"connectionName":"shared_commondataserviceforapps","operationId":"UpdateRecord","apiId":"/providers/Microsoft.PowerApps/apis/shared_commondataserviceforapps"},"parameters":{"entityName":"ya_documentstatuses","recordId":"@items('Apply_to_each')?['ya_documentstatusid']","item/ya_Document@odata.bind":"/ya_documents/@{triggerOutputs()?['body/ya_documentid']}","item/ya_StatusType@odata.bind":"/ya_statustypes/@{variables('StatusTypeApproved')}","item/ya_userprincipalname":"@items('Apply_to_each_User')"},"authentication":"@parameters('$authentication')"}}},"runAfter":{"行を一覧にする":["Succeeded"]},"type":"Foreach"}},"runAfter":{"開始して承認を待機":["Succeeded"]},"else":{"actions":{"行を一覧にする_2":{"runAfter":{},"type":"OpenApiConnection","inputs":{"host":{"connectionName":"shared_commondataserviceforapps","operationId":"ListRecords","apiId":"/providers/Microsoft.PowerApps/apis/shared_commondataserviceforapps"},"parameters":{"entityName":"ya_documentstatuses","$filter":"_ya_document_value eq '@{triggerOutputs()?['body/ya_documentid']}' and ya_userprincipalname eq '@{items('Apply_to_each_User')}'","$top":1},"authentication":"@parameters('$authentication')"}},"Apply_to_each_2":{"foreach":"@outputs('行を一覧にする_2')?['body/value']","actions":{"行を更新する_2":{"runAfter":{},"type":"OpenApiConnection","inputs":{"host":{"connectionName":"shared_commondataserviceforapps","operationId":"UpdateRecord","apiId":"/providers/Microsoft.PowerApps/apis/shared_commondataserviceforapps"},"parameters":{"entityName":"ya_documentstatuses","recordId":"@items('Apply_to_each_2')?['ya_documentstatusid']","item/ya_Document@odata.bind":"/ya_documents/@{triggerOutputs()?['body/ya_documentid']}","item/ya_StatusType@odata.bind":"/ya_statustypes/@{variables('StatusTypeRejected')}","item/ya_userprincipalname":"@items('Apply_to_each_User')"},"authentication":"@parameters('$authentication')"}}},"runAfter":{"行を一覧にする_2":["Succeeded"]},"type":"Foreach"}}},"expression":{"equals":["@outputs('開始して承認を待機')?['body/outcome']","Approve"]},"type":"If"}},"runAfter":{},"type":"Foreach"}},"runAfter":{"Apply_to_each_User_(to_create_records)":["Succeeded"]},"else":{"actions":{"Apply_to_each_User_2":{"foreach":"@variables('Users')","actions":{"メールの送信_(V2)":{"runAfter":{},"type":"OpenApiConnection","inputs":{"host":{"connectionName":"shared_office365","operationId":"SendEmailV2","apiId":"/providers/Microsoft.PowerApps/apis/shared_office365"},"parameters":{"emailMessage/To":"@items('Apply_to_each_User_2')","emailMessage/Subject":"回覧: @{triggerOutputs()?['body/ya_name']}","emailMessage/Body":"<p>@{triggerOutputs()?['body/ya_name']}<br>\n@{triggerOutputs()?['body/ya_note']}<br>\n@{triggerOutputs()?['body/ya_route']}<br>\n<br>\n<a href=\"https://apps.powerapps.com/play/@{variables('CirculationAppId')}?id=@{triggerOutputs()?['body/ya_id']}\">\nアプリを開く\n</a>\n</p>"},"authentication":"@parameters('$authentication')"}}},"runAfter":{},"type":"Foreach"}}},"expression":{"equals":["@variables('DocumentType')","Approval"]},"type":"If"},"変数CirculationAppIdを初期化する":{"runAfter":{},"type":"InitializeVariable","inputs":{"variables":[{"name":"CirculationAppId","type":"string","value":"89d5bfe9-f405-4962-9033-0f224d00608d"}]}},"Apply_to_each_User_(to_create_records)":{"foreach":"@variables('Users')","actions":{"新しい行を追加する":{"runAfter":{},"type":"OpenApiConnection","inputs":{"host":{"connectionName":"shared_commondataserviceforapps","operationId":"CreateRecord","apiId":"/providers/Microsoft.PowerApps/apis/shared_commondataserviceforapps"},"parameters":{"entityName":"ya_documentstatuses","item/ya_id":"@guid()","item/ya_Document@odata.bind":"/ya_documents/@{triggerOutputs()?['body/ya_documentid']}","item/ya_StatusType@odata.bind":"/ya_statustypes/@{variables('StatusTypeUnread')}","item/ya_userprincipalname":"@items('Apply_to_each_User_(to_create_records)')"},"authentication":"@parameters('$authentication')"}}},"runAfter":{"変数Usersを初期化する":["Succeeded"]},"type":"Foreach"},"変数DocumrntTypeを初期化する_行を一覧にする":{"runAfter":{"変数DocumrntTypeを初期化する":["Succeeded"]},"type":"OpenApiConnection","inputs":{"host":{"connectionName":"shared_commondataserviceforapps","operationId":"ListRecords","apiId":"/providers/Microsoft.PowerApps/apis/shared_commondataserviceforapps"},"parameters":{"entityName":"ya_documenttypes","$filter":"ya_documenttypeid eq '@{variables('DocumentType')}'","$top":1},"authentication":"@parameters('$authentication')"}},"変数DocumrntTypeを初期化する_Apply_to_each":{"foreach":"@outputs('変数DocumrntTypeを初期化する_行を一覧にする')?['body/value']","actions":{"変数DocumrntTypeの設定":{"runAfter":{},"type":"SetVariable","inputs":{"name":"DocumentType","value":"@items('変数DocumrntTypeを初期化する_Apply_to_each')?['ya_name']"}}},"runAfter":{"変数DocumrntTypeを初期化する_行を一覧にする":["Succeeded"]},"type":"Foreach"},"スコープUnread":{"actions":{"変数StatusTypeUnreadを初期化する_行を一覧にする":{"runAfter":{},"type":"OpenApiConnection","inputs":{"host":{"connectionName":"shared_commondataserviceforapps","operationId":"ListRecords","apiId":"/providers/Microsoft.PowerApps/apis/shared_commondataserviceforapps"},"parameters":{"entityName":"ya_statustypes","$filter":"ya_id eq 'Unread'","$top":1},"authentication":"@parameters('$authentication')"}},"変数StatusTypeUnreadを初期化する_Apply_to_each":{"foreach":"@outputs('変数StatusTypeUnreadを初期化する_行を一覧にする')?['body/value']","actions":{"変数StatusTypeUnreadの設定":{"runAfter":{},"type":"SetVariable","inputs":{"name":"StatusTypeUnread","value":"@items('変数StatusTypeUnreadを初期化する_Apply_to_each')?['ya_statustypeid']"}}},"runAfter":{"変数StatusTypeUnreadを初期化する_行を一覧にする":["Succeeded"]},"type":"Foreach"}},"runAfter":{"変数StatusTypeRejectedを初期化する":["Succeeded"]},"type":"Scope"},"変数StatusTypeUnreadを初期化する":{"runAfter":{"変数CirculationAppIdを初期化する":["Succeeded"]},"type":"InitializeVariable","inputs":{"variables":[{"name":"StatusTypeUnread","type":"string"}]}},"変数StatusTypeApprovedを初期化する":{"runAfter":{"変数StatusTypeUnreadを初期化する":["Succeeded"]},"type":"InitializeVariable","inputs":{"variables":[{"name":"StatusTypeApproved","type":"string"}]}},"変数StatusTypeRejectedを初期化する":{"runAfter":{"変数StatusTypeApprovedを初期化する":["Succeeded"]},"type":"InitializeVariable","inputs":{"variables":[{"name":"StatusTypeRejected","type":"string"}]}},"スコープApproved":{"actions":{"変数StatusTypeApprovedを初期化する_行を一覧にする":{"runAfter":{},"type":"OpenApiConnection","inputs":{"host":{"connectionName":"shared_commondataserviceforapps","operationId":"ListRecords","apiId":"/providers/Microsoft.PowerApps/apis/shared_commondataserviceforapps"},"parameters":{"entityName":"ya_statustypes","$filter":"ya_id eq 'Approved'","$top":1},"authentication":"@parameters('$authentication')"}},"変数StatusTypeApprovedを初期化する_Apply_to_each_2":{"foreach":"@outputs('変数StatusTypeApprovedを初期化する_行を一覧にする')?['body/value']","actions":{"変数StatusTypeApprovedの設定":{"runAfter":{},"type":"SetVariable","inputs":{"name":"StatusTypeApproved","value":"@items('変数StatusTypeApprovedを初期化する_Apply_to_each_2')?['ya_statustypeid']"}}},"runAfter":{"変数StatusTypeApprovedを初期化する_行を一覧にする":["Succeeded"]},"type":"Foreach"}},"runAfter":{"スコープUnread":["Succeeded"]},"type":"Scope"},"スコープRejected":{"actions":{"変数StatusTypeRejectedを初期化する_行を一覧にする":{"runAfter":{},"type":"OpenApiConnection","inputs":{"host":{"connectionName":"shared_commondataserviceforapps","operationId":"ListRecords","apiId":"/providers/Microsoft.PowerApps/apis/shared_commondataserviceforapps"},"parameters":{"entityName":"ya_statustypes","$filter":"ya_id eq 'Rejected'","$top":1},"authentication":"@parameters('$authentication')"}},"変数StatusTypeRejectedを初期化する_Apply_to_each":{"foreach":"@outputs('変数StatusTypeRejectedを初期化する_行を一覧にする')?['body/value']","actions":{"変数StatusTypeRejectedの設定":{"runAfter":{},"type":"SetVariable","inputs":{"name":"StatusTypeRejected","value":"@items('変数StatusTypeRejectedを初期化する_Apply_to_each')?['ya_statustypeid']"}}},"runAfter":{"変数StatusTypeRejectedを初期化する_行を一覧にする":["Succeeded"]},"type":"Foreach"}},"runAfter":{"スコープApproved":["Succeeded"]},"type":"Scope"}},"outputs":{}}},"schemaVersion":"1.0.0.0"}